{
    "Apps": [],
    "App Settings": [],
    "Preferences": [
        {
            "name": "sharing.vapid_key",
            "value": "{\"vapid_creation_timestamp\":\"13239130560721845\",\"vapid_private_key\":\"MIGHAgEAMBMGByqGSM49AgEGCCqGSM49AwEHBG0wawIBAQQgtp8cJeHVMOvl9Rm016eR7sLpOQfiAg0oxj77QMXbtp+hRANCAAR23NYozBf8rNIqxpkN4TGktvoni20IkdXcSsmjw6QpjoiOfi2/f9+zuvtO0DmqTonP3W0lySrlzUPt19HR64ov\"}"
},
        {
            "name": "translate_site_blacklist_with_time",
            "value": "{}"
},
        {
            "name": "intl.accept_languages",
            "value": "\"en-US,en\""
},
        {
            "name": "profile.block_third_party_cookies",
            "value": "false"
},
        {
            "name": "search.contextual_search_enabled",
            "value": "\"true\""
},
        {
            "name": "sharing.synced_devices",
            "value": "{\"D4lAN+7Y4oESFcJB3Zq4+w\u003d\u003d\":{\"device_auth_secret\":\"djjO+n8t4EfPHxTt6+QggA\u003d\u003d\",\"device_capabilities\":3,\"device_fcm_token\":\"e2UPGzD-xFE:APA91bFLxCq3Dk7Q0zlGsuwFaXOQ3v6COcKf7cHGqEyxtS8C5cnKP_BEJnRi6EVtcde97hLTl-C9dAVPQEwIUrCcaUTWWPTD9Ffewenq2QcCkYwgHn2cUxyJ0V5GFm-r1QizH3Pz4vnr\",\"device_p256dh\":\"BEyKf0Hf5iBXIGl3Pp0mEvDe0LqdYmfn3Ai4j7cQ1Pc/0NOQ3Fge6QLyjoBiOSn/0IEqVqBDsmYe7Q20Rvp0c94\u003d\"},\"Zj312H56Thz3E8yn8ucO7Q\u003d\u003d\":{\"device_auth_secret\":\"UHlbHD+BGSiSsGI1/vpV9g\u003d\u003d\",\"device_capabilities\":3,\"device_fcm_token\":\"e2UPGzD-xFE:APA91bHMnXbZyJozp9NfyBqHoyO7NRb2bsGZtkw2Xb-O30-Kcwri-9eL-07Kmwntx-_OjapSHWOPUbx-pHprjLdSS_nkdkFK-p-YjVgRT0b-dztLAXWz-BRmgxY15hICu0e_LaE_Dmfw\",\"device_p256dh\":\"BH8oHo+NQbsFusOv94UfPG9LEBt7waxCJ+rXA7b4iLGizvyfSsPGcLDYmsZmBMiQ3B835++e59MuoK2D+DR9nFk\u003d\"}}"
}
    ],
    "Themes": [],
    "Managed Users": []
}