{
    "Home App Data": [
        {"full_structures": [{
            "owner_emails": ["monicagallegos634@gmail.com"],
            "owner_create_times": [{
                        "value": {
                                    "seconds": 1594658372,
                                    "nanos": 151000000
                        },
                        "key": "monicagallegos634@gmail.com"
            }],
            "structure": {
                        "create_time": {
                                    "seconds": 1594658372,
                                    "nanos": 893760000
                        },
                        "personalized_nicknames": ["Home"]
            }
}]}
    ]
}