[{
  "device": {
    "mostRecentData": {
      "carrierName": "MetroPCS",
      "playStoreClientVersion": 82071600,
      "manufacturer": "samsung",
      "modelName": "SM-A205U",
      "deviceName": "a20p",
      "productName": "a20psq",
      "retailBrand": "samsung",
      "totalMemoryBytes": "2840965120",
      "nativePlatform": ["arm64-v8a", "armeabi-v7a", "armeabi"],
      "deviceIpCountry": "US",
      "userLocale": "en_US",
      "buildFingerprint": "samsung/a20psq/a20p:10/QP1A.190711.020/A205USQU5BTF3:user/release-keys",
      "androidSdkVersion": "29"
    },
    "dataAtTimeOfUserPlayActivity": {
      "carrierName": "MetroPCS",
      "manufacturer": "samsung",
      "modelName": "SM-A205U",
      "deviceName": "a20p",
      "productName": "a20psq",
      "retailBrand": "samsung",
      "nativePlatform": ["arm64-v8a", "armeabi-v7a", "armeabi"],
      "deviceIpCountry": "US",
      "userLocale": "en_US",
      "androidSdkVersion": "29"
    },
    "deviceRegistrationTime": "2020-07-13T08:21:21.329Z",
    "userAddedOnDeviceTime": "2020-07-13T08:21:21.329Z",
    "lastTimeDeviceActive": "2020-07-13T17:07:05.702237Z"
  }
}]