[{
  "libraryDoc": {
    "doc": {
      "documentType": "Android Apps",
      "title": "Google Play services"
    },
    "acquisitionTime": "2020-07-13T08:24:14.337Z"
  }
},
{
  "libraryDoc": {
    "doc": {
      "documentType": "Android Apps",
      "title": "Google Drive"
    },
    "acquisitionTime": "2020-07-13T14:42:26.326Z"
  }
},
{
  "libraryDoc": {
    "doc": {
      "documentType": "Android Apps",
      "title": "Google Duo - High Quality Video Calls"
    },
    "acquisitionTime": "2020-07-13T14:45:19.356Z"
  }
},
{
  "libraryDoc": {
    "doc": {
      "documentType": "Android Apps",
      "title": "Google Photos"
    },
    "acquisitionTime": "2020-07-13T14:49:07.357Z"
  }
},
{
  "libraryDoc": {
    "doc": {
      "documentType": "Android Apps",
      "title": "Google Play Movies \u0026 TV"
    },
    "acquisitionTime": "2020-07-13T14:52:11.811Z"
  }
},
{
  "libraryDoc": {
    "doc": {
      "documentType": "Android Apps",
      "title": "Google Play Music"
    },
    "acquisitionTime": "2020-07-13T14:53:52.955Z"
  }
},
{
  "libraryDoc": {
    "doc": {
      "documentType": "Android Apps",
      "title": "Google Chrome: Fast \u0026 Secure"
    },
    "acquisitionTime": "2020-07-13T17:08:14.010Z"
  }
},
{
  "libraryDoc": {
    "doc": {
      "documentType": "Android Apps",
      "title": "Adobe Acrobat Reader: PDF Viewer, Editor \u0026 Creator"
    },
    "acquisitionTime": "2020-07-13T20:07:55.689Z"
  }
},
{
  "libraryDoc": {
    "doc": {
      "documentType": "Android Apps",
      "title": "Dave - Banking For Humans"
    },
    "acquisitionTime": "2020-07-13T20:38:14.878Z"
  }
},
{
  "libraryDoc": {
    "doc": {
      "documentType": "Android Apps",
      "title": "Albert: Budget. Save. Invest."
    },
    "acquisitionTime": "2020-07-13T20:39:28.753Z"
  }
}]