[{
  "purchaseHistory": {
    "invoicePrice": "$0.00",
    "paymentMethodTitle": "",
    "userLanguageCode": "en_US",
    "userCountry": "US",
    "doc": {
      "documentType": "Android Apps",
      "title": "Google Play Music"
    },
    "purchaseTime": "2020-07-13T14:53:52.955Z"
  }
},
{
  "purchaseHistory": {
    "invoicePrice": "$0.00",
    "paymentMethodTitle": "",
    "userLanguageCode": "en_US",
    "userCountry": "US",
    "doc": {
      "documentType": "Android Apps",
      "title": "Google Play Movies \u0026 TV"
    },
    "purchaseTime": "2020-07-13T14:52:11.811Z"
  }
},
{
  "purchaseHistory": {
    "invoicePrice": "$0.00",
    "paymentMethodTitle": "",
    "userLanguageCode": "en_US",
    "userCountry": "US",
    "doc": {
      "documentType": "Android Apps",
      "title": "Google Photos"
    },
    "purchaseTime": "2020-07-13T14:49:07.357Z"
  }
},
{
  "purchaseHistory": {
    "invoicePrice": "$0.00",
    "paymentMethodTitle": "",
    "userLanguageCode": "en_US",
    "userCountry": "US",
    "doc": {
      "documentType": "Android Apps",
      "title": "Google Duo - High Quality Video Calls"
    },
    "purchaseTime": "2020-07-13T14:45:19.356Z"
  }
},
{
  "purchaseHistory": {
    "invoicePrice": "$0.00",
    "paymentMethodTitle": "",
    "userLanguageCode": "en_US",
    "userCountry": "US",
    "doc": {
      "documentType": "Android Apps",
      "title": "Google Drive"
    },
    "purchaseTime": "2020-07-13T14:42:26.326Z"
  }
}]