{
  "title": "Screenshot_20200713-110435_Google Play services.jpg",
  "description": "",
  "imageViews": "0",
  "creationTime": {
    "timestamp": "1594659921",
    "formatted": "Jul 13, 2020, 5:05:21 PM UTC"
  },
  "modificationTime": {
    "timestamp": "1594660014",
    "formatted": "Jul 13, 2020, 5:06:54 PM UTC"
  },
  "geoData": {
    "latitude": 0.0,
    "longitude": 0.0,
    "altitude": 0.0,
    "latitudeSpan": 0.0,
    "longitudeSpan": 0.0
  },
  "geoDataExif": {
    "latitude": 0.0,
    "longitude": 0.0,
    "altitude": 0.0,
    "latitudeSpan": 0.0,
    "longitudeSpan": 0.0
  },
  "photoTakenTime": {
    "timestamp": "1594659875",
    "formatted": "Jul 13, 2020, 5:04:35 PM UTC"
  }
}